date,units_sold,unnamed:_0,temperature_2m_mean,temperature_2m_min,temperature_2m_max,precipitation_sum,relative_humidity_2m_mean,relative_humidity_2m_max,relative_humidity_2m_min,apparent_temperature_mean,apparent_temperature_max,apparent_temperature_min
2023-02-05,7.0,36,22.827082,18.65,30.0,0.0,70.49964,95.41275,17.940882,23.237516,28.406174,19.812538
2023-02-06,35.0,37,20.308332,14.5,25.15,0.0,74.332726,93.813446,45.54287,20.788612,25.44767,14.430063
2023-02-07,0.0,38,20.929167,17.0,26.45,0.0,83.19308,99.372635,43.958374,22.068542,26.535944,18.122776
2023-02-08,7.0,39,21.693748,18.55,25.05,0.0,85.27598,97.53737,63.303497,22.710844,26.354055,19.63449
2023-02-09,0.0,40,22.550001,20.75,25.65,0.0,81.01067,95.19105,60.349834,22.80741,25.383305,21.326904
2023-02-10,0.0,41,22.081251,16.6,28.2,0.0,66.70308,97.82917,21.588434,21.951195,28.070671,16.662285
2023-02-11,0.0,42,23.199999,16.7,29.4,0.0,36.71684,81.54858,12.66066,20.053175,25.519056,13.546761
2023-02-12,0.0,43,21.883333,17.2,26.3,0.0,32.48453,78.02204,13.904733,18.542927,23.980661,12.572561
2023-02-13,0.0,44,21.877085,18.75,26.85,0.0,78.793045,97.850395,50.51861,22.735815,27.77972,19.0218
2023-02-14,0.0,45,20.914583,18.3,25.3,0.0,90.218956,100.0,66.96069,23.216127,28.12381,20.564075
2023-02-15,0.0,46,22.195833,18.7,28.4,0.0,83.25731,99.067696,48.966747,23.658922,29.190987,20.259378
2023-02-16,0.0,47,22.447914,17.25,29.55,0.0,81.35755,100.0,46.84136,24.374777,32.003723,18.290878
2023-02-17,0.0,48,21.49375,15.65,26.9,0.0,76.991,99.38212,43.668777,22.91565,28.829174,15.803831
2023-02-18,0.0,49,21.552084,17.9,25.2,0.0,87.241516,100.0,72.25384,23.773188,28.352386,19.616854
2023-02-19,0.0,50,23.381248,18.95,28.75,0.0,78.89004,92.752655,50.95492,24.777002,29.819775,19.955801
2023-02-20,0.0,51,22.993752,18.95,26.65,0.0,84.72094,98.45043,61.13993,25.254412,30.75486,21.070217
2023-02-21,0.0,52,22.804167,20.5,25.8,0.0,82.24349,96.062325,61.696804,23.890976,26.107573,21.795395
2023-02-22,0.0,53,22.404167,19.05,25.65,0.0,81.45843,97.8382,62.85025,24.037401,27.850132,21.193863
2023-02-23,0.0,54,21.922918,18.05,26.2,0.0,84.572014,100.0,57.85305,23.569832,27.283401,20.019966
2023-02-24,0.0,55,23.189583,19.55,27.5,0.0,79.198395,95.77141,51.52872,24.442324,28.251602,21.05643
2023-02-25,0.0,56,23.525,19.65,28.9,0.0,81.71473,95.21935,53.273277,25.36923,30.465366,21.461075
2023-02-26,0.0,57,23.168747,18.0,29.3,0.0,83.97861,100.0,51.69969,25.36207,32.060284,19.651125
2023-02-27,0.0,58,23.022917,19.4,28.3,0.0,82.96235,98.45572,51.16116,24.878614,29.895256,21.318716
2023-02-28,0.0,59,23.535416,19.05,28.2,0.0,79.373695,100.0,51.45978,25.884972,31.397224,21.55769
2023-03-01,0.0,60,26.32917,21.75,32.45,0.0,48.001606,65.19241,22.219542,25.608603,31.610508,20.2608
2023-03-02,0.0,61,26.108335,20.6,31.6,0.0,51.267,73.123405,27.950853,26.116594,32.06476,20.629
2023-03-03,0.0,62,26.047918,20.25,31.6,0.0,50.103806,93.7373,27.125948,25.414534,31.610752,20.769508
2023-03-04,0.0,63,25.795835,19.75,30.95,0.0,50.382153,73.602325,29.568222,25.272749,31.563816,19.911146
2023-03-05,0.0,64,25.354166,20.05,30.3,0.0,56.317368,75.86675,27.387596,25.610132,31.97496,20.028738
2023-03-06,0.0,65,24.685417,19.8,30.2,0.0,70.94205,96.04024,43.57437,26.347916,33.085342,20.950308
2023-03-07,0.0,66,24.735415,19.8,29.55,0.0,73.05092,95.45358,45.63778,26.806402,32.73406,21.913023
2023-03-08,0.0,67,25.856249,20.0,31.9,0.0,59.89797,96.367096,24.840652,26.565725,31.880016,21.138214
2023-03-09,0.0,68,25.787497,20.2,31.15,0.0,55.47888,82.978226,25.420223,26.145287,32.468697,19.321402
2023-03-10,0.0,69,25.38542,19.6,30.6,0.0,62.99614,86.85499,35.65741,26.400583,32.106796,20.852919
2023-03-11,0.0,70,25.722914,21.4,31.3,0.0,63.023014,85.87973,25.679186,26.566263,30.834675,22.228933
2023-03-12,0.0,71,24.96667,20.0,30.25,0.0,71.83118,96.669044,36.18518,26.633453,31.994194,22.11759
2023-03-13,0.0,72,23.975,20.2,28.4,0.0,81.27108,99.383514,53.495083,26.221418,31.346329,22.707802
2023-03-14,0.0,73,25.079165,22.55,28.5,0.0,80.07348,96.41402,51.051296,27.62324,30.28032,25.545221
2023-03-15,0.0,74,25.518751,22.2,29.25,0.0,80.39333,99.39456,48.88055,28.41477,30.795403,26.295324
2023-03-16,0.0,75,25.59375,23.15,28.65,0.0,79.54023,94.68707,58.36354,28.63865,32.15115,26.758404
2023-03-17,0.0,76,25.375002,20.65,29.7,0.0,66.269005,99.39209,36.730785,26.869913,31.399178,22.99805
2023-03-18,0.0,77,24.877085,21.0,29.1,0.0,69.16814,94.929214,41.7264,26.436716,30.67371,23.264427
2023-03-19,0.0,78,24.545832,21.65,27.1,0.0,76.9243,95.214066,59.356724,27.468771,30.421997,25.005484
2023-03-20,0.0,79,25.0875,21.35,28.05,0.0,70.97588,97.577705,50.77379,26.788046,29.58712,24.783047
2023-03-21,0.0,80,23.862501,21.2,25.6,0.4,78.135155,88.40342,64.822136,25.794907,29.465862,22.090963
2023-03-22,0.0,81,23.443748,20.95,25.6,3.8,81.04453,95.81814,69.02067,25.196707,27.36128,21.647388
2023-03-23,0.0,82,24.412498,22.2,26.9,0.0,59.947216,73.15304,39.24442,23.20259,25.053337,21.79114
2023-03-24,0.0,83,24.472916,22.2,27.5,0.0,67.080055,81.3359,48.263474,25.05748,28.465221,22.710337
2023-03-25,0.0,84,24.141668,20.35,28.35,0.0,75.014656,95.758804,49.056667,25.673662,30.294334,22.8812
2023-03-26,0.0,85,24.639582,20.4,29.5,0.0,69.42681,95.16784,36.555584,25.68151,29.654293,22.530397
2023-03-27,0.0,86,24.545832,21.3,27.8,0.0,78.05764,94.047264,56.757946,26.146078,29.43002,23.196928
2023-03-28,0.0,87,25.279167,23.5,27.45,0.0,78.07992,86.18753,66.267746,27.01822,29.76656,25.068062
2023-03-29,0.0,88,25.243752,23.3,27.35,0.8000001,70.92631,87.53772,52.175705,26.296793,28.7855,24.077553
2023-03-30,0.0,89,25.777082,23.8,28.75,0.0,76.00072,89.94477,57.318928,27.52234,31.300255,25.643923
2023-03-31,0.0,90,25.645836,23.25,28.85,0.0,74.31817,91.87006,52.27992,27.087622,29.773388,25.660309
2023-04-01,0.0,91,25.395834,23.0,28.25,0.0,77.030624,90.1913,59.25431,26.870056,30.184238,24.859268
2023-04-02,0.0,92,26.145836,24.05,28.85,0.3,78.303,92.1868,62.953587,27.990648,31.31165,25.820513
2023-04-03,0.0,93,24.854166,22.6,27.65,0.0,74.20788,91.529884,55.001705,26.61251,29.777283,24.190973
2023-04-04,0.0,94,25.052084,21.6,29.65,0.0,68.71621,94.91798,34.2224,25.801865,29.237812,23.683847
2023-04-05,0.0,95,25.000002,22.05,29.15,0.0,75.533264,90.40901,53.42789,26.898886,32.25061,23.827894
2023-04-06,0.0,96,25.218748,21.4,29.75,0.0,78.05596,96.087135,49.011772,27.568382,32.02446,23.855467
2023-04-07,0.0,97,25.822914,21.85,30.75,0.0,76.44549,96.99703,47.71629,28.255074,34.607307,24.51306
2023-04-08,0.0,98,25.627083,22.3,29.65,0.0,78.20582,96.11314,54.991566,28.068466,31.772022,25.502483
2023-04-09,0.0,99,25.15,22.2,28.25,0.0,82.01106,100.0,65.62109,28.413666,31.52694,26.105936
2023-04-10,0.0,100,25.19375,21.45,29.05,0.0,81.57226,100.0,52.49514,28.26105,31.84502,25.199144
2023-04-11,0.0,101,27.041664,23.35,31.95,0.0,75.76075,97.32269,48.974415,29.978922,35.293156,26.603207
2023-04-12,50.0,102,27.875,24.6,33.15,0.0,70.059265,87.58139,42.329376,29.91234,35.15791,26.808273
2023-04-13,0.0,103,27.00625,24.45,30.55,0.0,81.80807,94.73724,64.31962,30.5129,34.635605,27.373192
2023-04-14,0.0,104,27.166666,23.9,30.3,0.0,81.782326,96.44956,63.492012,31.241983,34.301804,28.421494
2023-04-15,0.0,105,27.349998,24.55,30.5,0.0,80.77415,95.31324,62.959404,30.936378,33.913074,29.345982
2023-04-16,0.0,106,27.339584,24.4,30.25,0.0,77.46555,92.571175,59.727245,30.581705,33.49028,28.045067
2023-04-17,0.0,107,28.55208,24.4,34.35,0.0,66.58254,96.76866,32.540134,30.406717,33.810333,27.150743
2023-04-18,0.0,108,27.84375,24.8,31.95,0.0,62.711792,90.28874,34.35632,28.709986,31.287472,27.305733
2023-04-19,0.0,109,27.910414,24.75,33.75,0.0,70.61486,90.832924,30.056551,29.586525,33.56267,26.712923
2023-04-20,0.0,110,27.581247,24.75,31.4,0.0,77.20733,93.343216,56.225502,30.19391,33.899586,27.332186
2023-04-21,0.0,111,27.579165,25.0,31.25,0.0,75.89131,94.77162,53.04946,30.288355,33.467133,28.02703
2023-04-22,0.0,112,28.197914,24.85,33.0,0.0,73.95016,93.33844,50.13651,31.314634,36.813835,28.224224
2023-04-23,0.0,113,27.716667,24.35,32.45,0.0,78.0825,95.31149,47.02246,31.046074,35.236256,28.04097
2023-04-24,0.0,114,28.122915,25.05,33.55,0.0,69.57729,93.91072,38.883907,30.02674,35.456562,26.34902
2023-04-25,0.0,115,28.199999,26.15,30.95,0.0,55.118435,79.16226,35.311043,28.435068,31.609165,23.569267
2023-04-26,0.0,116,27.237501,25.3,29.95,0.3,71.750084,86.33108,54.218395,29.535936,32.422356,28.18821
2023-04-27,0.0,117,25.937498,23.5,28.65,3.4,75.786285,86.945755,62.556725,28.65,31.754784,26.334618
2023-04-28,0.0,118,25.2125,22.65,28.35,0.8,76.49596,92.38972,56.40819,28.23751,32.908268,25.549675
2023-04-29,0.0,119,26.012497,22.65,28.95,0.2,68.871956,94.9608,49.605373,28.293251,30.769657,26.317102
2023-04-30,0.0,120,27.277084,24.25,30.65,0.9,71.46856,87.555176,50.952225,29.973196,33.27085,27.77702
2023-05-01,0.0,121,27.86667,24.9,30.95,0.1,74.320335,92.22325,58.62321,30.84581,34.237614,29.25425
2023-05-02,0.0,122,27.78958,25.25,30.45,0.0,78.338455,93.92388,61.126587,31.653463,34.578182,29.51815
2023-05-03,0.0,123,27.59375,24.45,30.95,0.0,80.47819,99.70103,59.62406,31.734795,35.293545,29.468147
2023-05-04,0.0,124,27.714584,24.95,31.7,0.0,79.66529,95.621254,61.526928,31.74218,35.94912,28.949913
2023-05-05,0.0,125,28.541664,25.3,33.6,0.0,76.43897,93.360054,46.172966,31.900536,36.066906,29.91277
2023-05-06,0.0,126,28.408333,25.9,32.2,0.0,80.34825,94.52215,60.855396,32.127884,36.089016,29.38388
2023-05-07,2.0,127,28.833334,25.85,32.95,0.0,78.78375,95.3574,56.7796,32.864513,36.81546,30.570454
2023-05-08,0.0,128,28.349998,24.55,32.0,0.0,78.66165,93.90625,60.307186,32.59309,35.89944,29.168041
2023-05-09,0.0,129,29.414583,25.35,34.6,0.0,71.37609,97.071495,37.1246,32.825108,36.191906,30.129028
2023-05-10,0.0,130,30.164583,26.5,35.45,0.0,68.05768,92.86309,37.48583,32.86677,35.93819,30.69569
2023-05-11,0.0,131,30.262505,27.05,34.5,0.0,66.40667,84.71371,43.10553,32.66576,35.44081,30.240551
2023-05-12,0.0,132,30.127085,27.05,34.25,0.0,71.27007,90.45584,44.802532,32.83534,35.622475,30.929848
2023-05-13,0.0,133,29.581251,27.3,32.55,0.0,80.26843,93.45486,66.454,33.59824,37.126217,31.578499
2023-05-14,0.0,134,29.600004,27.5,32.3,0.1,80.228745,89.95907,67.63955,33.715168,36.926506,32.300686
2023-05-15,0.0,135,29.581253,28.05,32.1,0.0,80.55756,90.242744,66.790886,33.13068,35.707264,31.828522
2023-05-16,0.0,136,29.441666,27.9,31.75,0.6,77.4869,89.71128,63.06727,32.325092,34.926434,30.43916
2023-05-17,0.0,137,29.604166,27.85,31.95,0.0,79.85917,89.182526,67.37049,33.47688,36.444256,31.510689
2023-05-18,0.0,138,29.335417,27.6,32.35,0.0,81.19021,91.55667,67.049324,33.89529,37.462852,32.163788
2023-05-19,0.0,139,29.120834,26.9,31.75,0.0,77.73975,92.339264,64.36714,32.441948,35.877567,30.364117
2023-05-20,0.0,140,29.691668,27.75,32.15,0.0,75.94088,86.56554,63.092155,32.952538,35.519108,31.548061
2023-05-21,0.0,141,29.79167,28.15,32.2,0.0,79.60346,90.270134,67.40967,33.680607,36.35492,32.210213
2023-05-22,0.0,142,29.741661,28.0,32.15,0.4,82.72791,92.93919,70.25822,34.10936,36.053566,32.985367
2023-05-23,0.0,143,29.916666,28.1,32.4,0.0,82.233986,91.59544,70.72908,33.984898,36.40726,32.482735
2023-05-24,0.0,144,30.272917,28.65,32.85,0.0,80.493935,91.362885,67.91793,33.697815,36.22026,32.374462
2023-05-25,0.0,145,30.204168,28.25,33.0,0.0,80.668365,91.86822,66.56365,33.69234,35.502487,32.067604
2023-05-26,0.0,146,30.195837,28.5,32.95,0.0,79.42629,89.479706,65.984474,33.82338,36.150978,31.988914
2023-05-27,0.0,147,30.141668,27.9,32.6,0.0,80.08373,92.13032,66.29671,34.503826,37.192017,32.699337
2023-05-28,0.0,148,29.941666,27.85,32.15,0.0,83.309044,94.86532,70.059746,34.92056,36.96713,32.807594
2023-05-29,0.0,149,29.885416,28.05,32.4,0.2,76.44932,90.542854,62.558823,33.684307,36.098953,31.95132
2023-05-30,0.0,150,29.587503,27.65,31.5,1.1,74.40302,86.54236,65.66007,32.580395,34.077457,31.190018
2023-05-31,0.0,151,29.914583,28.3,32.0,1.4000001,76.86988,86.407104,66.582184,32.62042,34.984413,30.693111
2023-06-01,0.0,152,29.995829,28.45,32.4,0.1,81.04484,89.49437,68.872765,34.4476,37.009712,33.049507
2023-06-02,0.0,153,29.939583,28.0,32.9,0.0,81.58209,92.13307,65.38971,34.343365,37.09648,32.604046
2023-06-03,0.0,154,30.039583,28.05,33.2,0.0,80.6993,92.13589,62.412254,34.73107,37.93632,33.0803
2023-06-04,0.0,155,29.960417,28.0,32.6,0.0,80.85012,92.66608,67.69785,34.77609,37.163986,33.4849
2023-06-05,0.0,156,30.360415,28.25,33.15,0.0,81.21346,91.32627,67.00828,35.173794,37.876675,33.252136
2023-06-06,0.0,157,30.625,28.8,33.15,0.0,81.35555,90.02924,69.21727,35.84838,39.357704,33.781006
2023-06-07,0.0,158,30.310417,28.7,32.6,0.0,77.533,88.198875,64.94066,34.764652,36.453156,33.467426
2023-06-08,0.0,159,30.179169,28.65,32.25,0.8000001,76.19098,85.89876,65.647095,33.86702,36.12912,32.53827
2023-06-09,0.0,160,29.918753,28.3,31.95,0.2,75.97582,84.853874,67.17016,34.12718,37.332287,32.381638
2023-06-10,0.0,161,30.0,27.35,32.7,0.0,76.33213,91.813194,62.67762,35.66517,38.28816,33.093933
2023-06-11,0.0,162,32.074997,28.3,36.65,0.0,64.784904,87.89357,38.99911,36.42895,40.73204,33.484203
2023-06-12,0.0,163,31.447916,29.7,35.35,5.4,64.35409,76.46457,47.348087,32.96202,35.308437,30.575226
2023-06-13,0.0,164,30.98333,28.55,35.0,0.5,64.49286,77.133255,48.127617,31.889137,36.770638,29.143795
2023-06-14,0.0,165,30.372915,28.0,34.55,0.3,67.62032,78.941086,49.49497,30.850588,34.376316,28.900051
2023-06-15,0.0,166,31.125,28.55,34.65,1.3000001,70.689995,89.87868,52.13529,34.23598,38.688427,29.784557
2023-06-16,0.0,167,30.543753,29.1,32.4,0.0,80.513054,87.73611,72.41573,35.12311,38.174522,33.04534
2023-06-17,0.0,168,30.260416,28.95,32.35,0.0,74.092964,82.68693,61.6702,33.05497,35.063927,31.845459
2023-06-18,0.0,169,30.035416,28.25,32.1,0.0,74.52187,85.07006,64.83733,32.99387,35.65749,31.584995
2023-06-19,0.0,170,30.59167,28.85,32.8,0.0,69.17132,76.93966,59.050392,33.194817,36.084637,31.554176
2023-06-20,0.0,171,30.554167,29.25,32.65,1.0,73.57549,79.828285,65.10345,33.756428,36.377384,32.234467
2023-06-21,0.0,172,30.175005,28.75,32.2,2.2,76.946785,85.89876,67.40967,33.864937,36.345367,32.318
2023-06-22,0.0,173,30.108335,28.5,32.5,0.4,76.16811,84.64455,64.15019,33.78157,36.7192,32.3463
2023-06-23,0.0,174,30.083336,28.55,31.95,1.0,78.00164,85.869774,70.23084,34.216232,37.0735,32.843945
2023-06-24,0.0,175,30.314589,28.7,32.05,0.5,78.586266,88.18657,70.66605,34.753468,37.291176,33.289307
2023-06-25,0.0,176,30.470833,28.5,32.85,0.8,77.154236,87.91029,65.379524,34.676403,37.34086,33.100353
2023-06-26,0.0,177,30.610413,28.85,32.75,0.8000001,76.14327,85.635765,63.25251,35.24218,37.63457,33.319267
2023-06-27,0.0,178,30.829168,28.9,33.25,0.0,75.588554,86.407104,62.9831,35.18462,36.848022,34.030922
2023-06-28,0.0,179,31.060415,28.65,34.05,0.3,73.35184,86.657684,58.982944,34.58769,37.60724,33.083523
2023-06-29,0.0,180,30.7875,29.05,32.95,1.0,73.28541,83.65452,62.533764,33.39559,35.233036,32.40557
2023-06-30,0.0,181,30.831253,28.85,33.7,1.1,74.294075,84.39471,59.611294,34.58318,37.29576,32.56073
2023-07-01,0.0,182,30.737503,28.85,32.9,0.4,75.82893,85.635765,64.42531,35.590797,37.912323,33.64767
2023-07-02,0.0,183,30.695831,28.65,33.45,0.4,77.63874,90.815895,63.401333,35.998314,39.423634,34.019436
2023-07-03,0.0,184,30.599998,28.45,33.2,0.1,73.742874,86.109825,61.400265,34.63997,38.072567,33.108776
2023-07-04,0.0,185,30.85417,29.1,33.1,0.6,72.036354,80.976395,61.43332,34.46845,37.119625,33.09151
2023-07-05,0.0,186,30.8125,28.9,33.55,0.1,73.77313,83.14371,59.934494,35.668877,39.72391,33.71474
2023-07-06,0.0,187,31.650002,29.1,35.45,0.0,73.454315,85.913216,55.557213,36.87327,40.584427,35.113495
2023-07-07,0.0,188,31.304167,29.35,34.9,4.0,73.39922,84.681,56.25927,36.089905,39.37797,33.800316
2023-07-08,0.0,189,30.98333,28.75,33.9,0.1,74.324745,86.90003,61.64188,35.589756,39.423065,33.585102
2023-07-09,0.0,190,30.960417,28.65,33.65,0.0,67.311455,79.96645,54.2739,34.166576,37.195988,32.591763
2023-07-10,0.0,191,31.2875,29.5,34.1,0.0,64.32964,73.01709,53.27139,33.953976,37.21159,32.3462
2023-07-11,0.0,192,31.085413,29.1,33.5,0.0,65.09606,73.15157,54.048645,33.53783,36.034805,31.68954
2023-07-12,0.0,193,31.00625,29.15,33.5,0.1,67.31673,76.9994,56.60359,33.80064,36.727547,32.475307
2023-07-13,0.0,194,30.843756,28.95,34.0,0.2,67.28622,78.34714,51.50181,33.42873,36.592403,31.983433
2023-07-14,0.0,195,30.474998,28.5,33.4,0.0,68.605255,79.70141,54.40167,32.46227,35.09541,31.293674
2023-07-15,0.0,196,30.414587,29.0,32.9,0.0,68.33973,75.365364,56.97517,32.581127,34.688847,31.370033
2023-07-16,0.0,197,30.760416,28.95,33.45,0.2,70.82889,78.65833,58.646366,34.171898,36.780556,32.415592
2023-07-17,0.0,198,30.212502,28.45,33.05,0.6,74.48819,85.8504,60.361877,33.633507,36.590347,32.032948
2023-07-18,0.0,199,30.095827,28.05,32.45,0.1,74.12597,85.55692,63.345795,33.42094,35.350754,32.028652
2023-07-19,0.0,200,30.495832,28.45,33.4,0.0,72.26242,82.10902,59.88937,34.39958,37.91415,33.040184
2023-07-20,0.0,201,30.38125,28.5,32.65,4.7,75.91268,85.85524,65.69791,34.848255,37.492706,33.2304
2023-07-21,0.0,202,30.495834,28.65,33.4,0.2,77.09759,86.89551,62.82812,35.397205,38.260174,33.084778
2023-07-22,0.0,203,30.125002,27.4,35.7,27.499998,81.67658,91.00393,55.451878,36.29521,40.833763,34.125744
2023-07-23,0.0,204,28.089584,26.75,29.9,16.400003,88.64648,95.387665,80.593216,33.423862,35.18314,31.776127
2023-07-24,0.0,205,28.472918,26.65,30.3,6.9999995,85.474335,94.25993,76.6842,34.339256,37.19918,32.50589
2023-07-25,0.0,206,28.795832,27.25,30.55,0.6,83.45613,92.35291,75.12199,34.3807,36.974873,33.010117
2023-07-26,0.0,207,28.814583,27.3,30.75,0.90000004,83.17683,91.01028,74.970764,33.118755,35.328274,31.56765
2023-07-27,0.0,208,28.724998,27.5,30.6,0.2,81.60763,88.34992,73.39617,31.753443,34.06977,30.869503
2023-07-28,0.0,209,28.660418,27.25,30.45,0.90000004,80.86765,88.86092,73.16118,31.34796,33.114258,30.117691
2023-07-29,0.0,210,28.74792,27.25,30.6,0.8,82.659386,88.89204,73.82579,32.232174,34.078674,30.857574
2023-07-30,0.0,211,28.664583,27.3,30.65,1.3000002,84.54658,91.27397,75.59312,32.330097,33.97153,31.264702
2023-07-31,0.0,212,28.597918,27.2,30.45,1.1,84.79445,91.80448,76.04282,31.946556,33.615032,30.473782
2023-08-01,0.0,213,28.550001,27.25,30.6,1.4000001,83.11613,89.65331,72.752045,31.3127,33.306316,30.38375
2023-08-02,0.0,214,28.45417,27.05,30.45,0.8000001,82.2408,90.17381,72.50991,31.71611,33.624634,29.856407
2023-08-03,0.0,215,28.418747,26.9,30.45,0.9000001,83.41237,92.06006,73.81754,32.44776,34.56633,31.151634
2023-08-04,0.0,216,28.306246,26.7,30.5,0.9000001,81.834175,92.32285,73.16958,31.824324,34.061565,30.098694
2023-08-05,0.0,217,28.20833,26.7,29.95,0.7,80.399574,89.61322,71.13303,30.124834,31.141018,29.29546
2023-08-06,0.0,218,28.014585,26.65,29.95,1.7000002,80.22716,89.34988,70.91992,29.425207,30.668518,28.551193
2023-08-07,0.0,219,27.96875,26.65,29.85,2.2000003,81.6231,90.14605,73.27846,30.085312,31.66504,29.159157
2023-08-08,0.0,220,27.945831,26.55,30.05,0.8000001,81.677864,89.87748,72.215805,30.256233,31.935966,29.297588
2023-08-09,0.0,221,27.806253,26.35,30.0,1.6000001,82.372734,90.68203,71.142006,30.195951,31.398056,29.324848
2023-08-10,0.0,222,27.687502,26.15,29.8,1.3000001,82.32209,90.13909,72.39765,30.174044,31.615383,29.408237
2023-08-11,0.0,223,27.568748,26.05,29.45,0.8000001,81.494835,89.56556,72.29347,29.217936,30.299995,28.310223
2023-08-12,0.0,224,27.604166,26.15,29.6,0.6,80.865555,88.7944,71.92977,29.175997,30.586945,27.693283
2023-08-13,0.0,225,27.727081,26.05,30.4,0.0,83.81169,91.463135,70.15594,30.625488,33.71115,28.745766
2023-08-14,0.0,226,27.554167,25.95,29.6,0.5,84.437935,91.745926,73.89728,31.109083,32.982616,29.296635
2023-08-15,0.0,227,27.491667,25.75,29.65,0.0,80.971634,93.94365,68.96983,30.495584,32.14973,28.999393
2023-08-16,0.0,228,27.268747,25.45,29.7,0.2,76.69854,89.7949,64.0553,28.287964,30.035522,27.311613
2023-08-17,0.0,229,27.339582,25.15,30.25,0.0,75.946754,86.63929,60.647034,28.486635,31.664188,26.478931
2023-08-18,0.0,230,27.164581,25.2,30.0,0.1,78.8391,90.86232,64.59471,29.033838,31.531063,27.510828
2023-08-19,0.0,231,27.29167,24.85,30.5,0.0,78.96614,91.12054,62.18841,29.786402,33.182907,27.577747
2023-08-20,0.0,232,27.385416,25.5,30.05,0.0,79.73757,88.73522,65.79073,29.569544,32.066994,28.24712
2023-08-21,0.0,233,27.162504,25.35,29.7,0.6,80.440704,92.248344,67.128426,29.162035,31.240608,28.159962
2023-08-22,0.0,234,26.847916,25.35,28.8,1.9000001,81.40702,90.59899,71.07742,28.50727,29.568172,27.559368
2023-08-23,0.0,235,26.835417,25.45,28.9,2.0,84.51392,92.53112,74.408905,28.995272,30.62614,27.971886
2023-08-24,0.0,236,26.789576,25.45,28.75,2.1000001,84.02999,91.72235,73.66404,29.435976,30.585747,28.175198
2023-08-25,0.0,237,26.714584,25.2,28.85,2.3999996,85.36896,94.20153,73.32972,29.648842,30.942013,28.587784
2023-08-26,0.0,238,26.94792,25.5,29.15,1.0,82.79547,92.536514,69.92478,29.586075,31.483784,28.495499
2023-08-27,0.0,239,26.852081,25.25,29.3,1.1,82.84001,91.44182,69.741646,28.83233,30.594063,27.821667
2023-08-28,0.0,240,26.925003,25.5,29.4,0.7,83.622856,92.816864,71.60769,29.765314,31.934849,28.517399
2023-08-29,0.0,241,26.974998,25.25,29.7,0.5,82.39185,93.6428,66.09873,30.451792,32.916912,28.885483
2023-08-30,0.0,242,26.987501,25.15,29.95,0.2,81.17277,91.98313,64.182495,30.526674,33.236435,29.02678
2023-08-31,0.0,243,26.722914,24.4,29.4,0.0,80.733894,95.595566,66.642746,30.433645,33.440536,28.869102
2023-09-01,0.0,244,27.202082,24.75,30.3,0.0,76.010475,91.383514,58.471798,29.889566,32.84896,28.49075
2023-09-02,0.0,245,27.377083,25.25,29.95,0.90000004,76.06844,88.44004,62.078552,29.6578,32.001354,28.171673
2023-09-03,0.0,246,27.587502,25.6,30.3,0.1,75.65322,87.39963,61.029633,29.738075,31.675312,28.387455
2023-09-04,0.0,247,27.639585,25.65,30.0,0.5,78.38235,88.75499,66.17996,30.81337,32.15896,28.842957
2023-09-05,0.0,248,27.760414,25.25,31.25,0.0,80.05917,93.077805,64.079544,31.955511,35.806084,29.837948
2023-09-06,0.0,249,28.247917,25.7,32.0,0.0,80.26058,93.117584,61.7788,31.96238,35.641655,30.007637
2023-09-07,0.0,250,28.099998,25.9,31.55,0.0,80.881325,93.11508,63.185463,31.216675,34.55582,29.321564
2023-09-08,0.0,251,28.047915,26.05,31.2,0.0,79.32521,91.205605,62.153248,30.704695,33.69431,28.321026
2023-09-09,0.0,252,27.943747,25.85,31.15,0.0,80.21091,92.00319,63.86567,30.477274,33.755547,28.387707
2023-09-10,0.0,253,28.012497,26.2,31.05,0.0,77.67162,89.04131,61.910545,30.117887,32.37639,28.615746
2023-09-11,0.0,254,27.983335,26.2,30.85,0.0,75.82927,85.90269,60.413475,29.99409,32.109657,28.49469
2023-09-12,0.0,255,27.847914,26.0,30.75,0.4,78.33905,89.316124,62.632744,30.70849,32.480232,28.877106
2023-09-13,0.0,256,27.793747,25.65,30.3,0.1,80.691154,93.65655,66.64177,31.63086,33.465942,30.440739
2023-09-14,0.0,257,27.833334,25.5,30.7,0.0,81.41321,94.49632,66.32148,32.304665,35.0699,30.664326
2023-09-15,0.0,258,28.49375,26.3,31.2,0.3,78.90506,91.75183,65.04042,32.31534,34.621037,31.030087
2023-09-16,0.0,259,28.941666,26.65,32.15,0.0,78.58752,90.691925,61.76782,32.718315,35.75206,30.74559
2023-09-17,0.0,260,29.287504,26.5,33.1,0.0,79.86196,95.94797,62.390656,33.47709,36.3536,31.459084
2023-09-18,0.0,261,29.791664,26.7,34.9,0.0,77.00118,94.26406,52.82975,33.74007,38.311237,31.289162
2023-09-19,0.0,262,28.879166,26.75,34.1,12.0,80.8074,94.56549,53.432495,33.072517,37.4705,30.436298
2023-09-20,0.0,263,29.47917,26.85,34.0,3.4999998,79.60997,94.286736,56.25177,34.896183,38.94928,31.89666
2023-09-21,0.0,264,28.249998,25.95,30.9,0.0,85.26359,98.53112,68.38286,33.868168,36.717796,31.241753
2023-09-22,0.0,265,28.968752,26.85,31.85,0.0,82.84444,97.67174,67.15046,34.341312,36.922325,32.324844
2023-09-23,0.0,266,28.499998,26.8,31.1,0.0,77.37042,89.89882,62.330585,32.075,34.723312,30.522186
2023-09-24,0.0,267,27.885414,25.45,31.05,0.0,74.85524,93.36721,55.91151,31.30544,34.841305,29.262428
2023-09-25,0.0,268,26.874998,22.5,30.8,0.0,75.86096,93.796684,55.44342,30.564108,34.388306,26.00485
2023-09-26,0.0,269,28.616663,24.55,34.05,0.0,74.44222,97.63376,44.714264,32.45515,37.19288,28.970219
2023-09-27,0.0,270,29.612501,25.5,36.35,0.0,69.85798,96.5013,28.474556,32.908157,36.674797,30.148548
2023-09-28,0.0,271,28.812498,24.95,35.05,0.0,77.7405,97.086494,40.408627,33.23604,37.689774,29.278458
2023-09-29,0.0,272,30.406248,24.4,39.45,0.0,57.792217,99.40798,6.078989,32.007793,35.805157,25.860401
2023-09-30,0.0,273,29.910416,23.2,36.9,0.0,44.12878,80.51785,13.602516,29.89224,36.39581,23.591574
2023-10-01,0.0,274,28.612501,23.2,34.75,0.0,67.08152,94.80564,37.04095,31.496887,36.788013,24.766064
2023-10-02,0.0,275,28.26458,24.95,31.8,0.0,83.73141,98.81331,65.34931,33.14216,36.10377,30.525177
2023-10-03,0.0,276,28.570837,25.85,31.95,0.0,80.530136,100.0,61.027977,33.165874,35.751747,31.456566
2023-10-04,0.0,277,28.8375,26.1,31.65,0.0,76.574295,94.799995,61.31938,32.76795,35.520744,31.007538
2023-10-05,0.0,278,28.937498,26.85,31.45,0.0,73.199104,86.46775,60.18296,31.942972,33.57001,30.959309
2023-10-06,0.0,279,28.822916,27.4,30.65,0.3,74.42154,81.785545,63.566837,31.93984,32.86067,30.790989
2023-10-07,0.0,280,29.049997,27.05,31.55,0.9000001,77.140236,87.26533,66.29364,32.617138,34.521606,31.189415
2023-10-08,0.0,281,28.958334,27.2,32.1,0.0,77.66677,89.38721,59.246635,32.18548,34.233467,31.135853
2023-10-09,0.0,282,28.75,26.8,31.95,0.0,77.25519,90.98163,59.033295,32.054134,34.039692,30.428982
2023-10-10,0.0,283,28.683332,26.15,32.3,0.0,78.93655,95.36754,59.090767,33.0999,36.153854,31.540089
2023-10-11,0.0,284,28.422915,25.9,31.85,0.0,77.70862,92.840034,57.4204,32.593494,35.005863,31.09917
2023-10-12,0.0,285,28.260416,25.8,31.85,0.0,74.832794,90.62901,56.10177,31.95981,35.076626,30.108036
2023-10-13,0.0,286,28.21667,25.25,31.45,0.0,72.671684,89.236725,57.641113,31.268412,34.34771,29.348507
2023-10-14,0.0,287,28.939583,26.95,31.8,0.3,71.453766,81.29075,56.197918,31.610617,33.909473,29.76012
2023-10-15,0.0,288,27.941668,23.55,31.05,1.2,75.23285,87.34221,59.72796,30.430185,32.995247,24.758238
2023-10-16,0.0,289,27.970839,24.75,31.0,0.90000004,75.904015,90.072586,60.631275,31.398825,33.58311,28.716026
2023-10-17,0.0,290,28.624998,24.45,34.5,0.0,67.04273,94.462234,33.105923,31.420652,35.741333,28.457794
2023-10-18,0.0,291,27.791666,23.75,32.15,0.0,69.01793,88.173386,47.678127,30.688486,34.775,26.749176
2023-10-19,0.0,292,28.168753,25.05,32.1,0.0,78.0281,94.19312,59.246635,32.482113,36.440548,29.875553
2023-10-20,0.0,293,28.495832,24.65,34.25,0.0,75.043976,99.701515,36.148483,32.460674,37.169857,29.819485
2023-10-21,0.0,294,27.835419,24.45,32.55,0.0,80.30754,99.70103,52.403667,32.0798,36.240807,29.088558
2023-10-22,0.0,295,27.97917,24.3,33.85,0.0,78.64036,98.807594,42.532158,32.30973,37.410343,29.488335
2023-10-23,0.0,296,28.00208,23.45,33.85,0.0,76.545006,99.40133,44.97311,31.930887,36.773293,28.054085
2023-10-24,0.0,297,28.535416,24.35,34.6,0.0,76.10722,99.104836,34.808365,32.346878,35.899567,29.610313
2023-10-25,0.0,298,28.170837,24.55,33.95,0.0,74.57953,98.80982,32.74479,31.477774,34.06928,29.157673
2023-10-26,0.0,299,28.170832,24.8,32.3,0.0,77.26839,92.81169,54.69868,31.870016,35.85337,29.146633
2023-10-27,0.0,300,28.483332,25.4,34.05,0.6,73.82646,95.05747,30.137896,32.287014,35.674686,30.034122
2023-10-28,0.0,301,27.606249,23.05,33.8,0.0,74.80247,98.80537,30.859838,31.24335,35.76907,27.006763
2023-10-29,0.0,302,28.37708,22.95,35.0,0.0,64.09043,98.507545,20.753609,30.393707,34.843292,26.8938
2023-10-30,0.0,303,29.564583,22.9,36.6,0.0,38.422726,77.567856,14.531625,28.574274,34.347816,21.826973
2023-10-31,0.0,304,29.941666,23.7,35.65,0.0,30.488333,46.803715,19.333307,28.550415,33.81986,22.964853
2023-11-01,0.0,305,29.347916,23.45,35.35,0.0,36.4116,62.154716,19.61424,28.423967,35.594673,22.233421
2023-11-02,0.0,306,28.908333,24.25,34.75,0.0,58.402485,89.43556,25.677055,30.152021,32.72796,26.408707
2023-11-03,0.0,307,28.027082,24.6,32.05,0.0,75.74116,91.18995,55.238823,31.873667,34.908722,28.843365
2023-11-04,0.0,308,28.043749,23.8,34.8,0.0,71.76349,98.80315,24.544872,31.152185,35.7529,28.2056
2023-11-05,0.0,309,28.2875,22.25,35.0,0.0,58.250774,94.73343,20.152632,29.54759,34.017662,24.7381
2023-11-06,0.0,310,28.266665,23.05,34.1,0.0,43.95805,67.643715,23.008535,28.00768,32.83835,22.220354
2023-11-07,0.0,311,27.549997,22.5,32.5,0.0,49.377346,67.592415,30.805983,28.149183,32.268402,22.924984
2023-11-08,0.0,312,27.520836,22.3,33.4,0.0,61.927784,86.566666,27.02868,29.318914,33.884357,24.874868
2023-11-09,0.0,313,27.677086,22.15,34.65,0.0,51.26648,88.89737,10.639723,27.598679,31.66742,21.31946
2023-11-10,0.0,314,25.947914,18.75,33.35,0.0,34.915295,53.447098,14.073014,23.93955,30.414196,16.694595
2023-11-11,0.0,315,25.210417,18.8,31.7,0.0,43.538296,61.729313,22.1534,24.19884,31.130337,17.042967
2023-11-12,0.0,316,24.4625,18.8,30.3,0.0,56.789135,83.79203,20.325445,24.492088,29.324078,19.408821
2023-11-13,0.0,317,25.825003,19.75,31.9,0.0,42.09644,88.12929,16.971807,23.923592,28.73716,17.879305
2023-11-14,0.0,318,25.70833,20.4,31.3,0.0,34.572857,50.070198,19.898396,22.760666,28.173634,17.732227
2023-11-15,0.0,319,25.327085,19.55,31.4,0.0,33.02804,52.776173,17.207153,22.591942,28.147636,17.310696
2023-11-16,0.0,320,24.791666,20.25,30.05,0.0,32.592106,50.366913,18.188711,21.393991,25.3366,17.626064
2023-11-17,0.0,321,24.539583,19.15,30.1,0.0,31.351547,47.42323,16.52147,21.907318,28.730759,16.345732
2023-11-18,0.0,322,24.414583,17.95,31.25,0.0,35.935394,50.77553,19.007381,22.332304,28.910053,15.424557
2023-11-19,0.0,323,25.308334,19.7,31.55,0.0,35.20519,50.2193,19.697784,22.237112,27.732584,16.94633
2023-11-20,0.0,324,25.939589,20.85,31.7,0.0,33.36645,49.358234,19.846918,22.78649,28.712212,17.962727
2023-11-21,0.0,325,24.102083,17.7,29.85,0.0,45.055466,68.99461,25.547518,22.84658,28.461403,15.594179
2023-11-22,0.0,326,25.9375,22.3,31.7,0.0,66.230064,90.11374,30.404707,27.66005,32.89528,24.050781
2023-11-23,0.0,327,25.564585,19.55,31.6,0.0,60.95346,94.01215,23.14546,26.013353,31.511314,21.229382
2023-11-24,0.0,328,26.612497,22.45,31.8,0.0,37.571312,50.79951,21.755009,23.197184,27.481577,19.230667
2023-11-25,0.0,329,22.03125,18.2,26.6,3.8,59.4267,78.462845,35.74329,20.376696,23.352638,17.74162
2023-11-26,0.0,330,20.739584,16.3,26.4,0.0,65.03794,80.29837,41.56549,19.992456,24.453192,15.765511
2023-11-27,0.0,331,21.143751,16.35,27.75,0.0,58.45801,79.15333,27.090313,19.789625,24.768312,14.964771
2023-11-28,0.0,332,20.954166,15.75,27.95,0.0,55.752064,79.47869,25.924051,19.335428,25.19488,14.066822
2023-11-29,0.0,333,21.602083,15.8,28.25,0.0,60.971066,83.88265,36.045334,21.392725,28.220467,14.898867
2023-11-30,0.0,334,22.677086,16.75,29.65,0.0,52.460964,80.16812,24.212606,21.488594,27.778831,15.804569
2023-12-01,0.0,335,22.599998,17.95,28.65,0.0,49.20257,66.631905,24.299927,20.34688,24.755552,16.340591
2023-12-02,0.0,336,22.470833,17.65,28.75,0.0,49.703312,71.574234,24.02817,20.138313,25.047333,15.948965
2023-12-03,0.0,337,22.012499,16.6,29.25,0.0,50.781754,71.852165,21.293163,20.52815,26.453003,15.017298
2023-12-04,0.0,338,21.712502,16.2,28.6,0.0,46.821945,68.19006,21.918589,19.507402,25.667896,14.044987
2023-12-05,0.0,339,21.525,16.25,28.2,0.0,42.563,62.66013,19.062162,18.50134,23.873922,13.901262
2023-12-06,0.0,340,21.59167,16.1,28.0,0.0,40.392838,58.068047,21.309977,18.556423,23.810204,13.540529
2023-12-07,0.0,341,20.833334,14.7,26.95,0.0,53.688366,79.88419,28.144089,19.706902,26.003849,12.142284
2023-12-08,0.0,342,22.21875,17.35,28.4,0.0,72.1965,93.10382,32.92927,23.26621,28.200165,18.314274
2023-12-09,0.0,343,20.885416,14.95,26.6,0.0,62.29929,92.14707,35.35023,20.555952,25.93515,13.726717
2023-12-10,0.0,344,21.11458,15.4,26.85,0.0,77.91362,98.40791,52.26497,22.04,27.245487,16.07933
2023-12-11,0.0,345,21.543753,16.0,27.0,0.0,70.26585,93.491295,43.53964,22.330978,28.210384,16.308067
2023-12-12,0.0,346,22.15625,16.2,28.35,0.0,46.270447,66.04041,28.007751,20.193644,25.990887,14.458946
2023-12-13,0.0,347,21.302084,15.15,27.6,0.0,47.100266,68.76056,26.77506,19.384634,25.738453,13.118557
2023-12-14,0.0,348,21.008331,14.8,27.2,0.0,46.601017,64.8538,24.713236,19.29273,25.791208,12.545801
2023-12-15,0.0,349,21.237501,15.3,27.3,0.0,62.401203,89.70409,38.65244,21.106977,28.001945,14.260023
2023-12-16,0.0,350,21.362501,15.9,26.45,0.0,56.669155,94.54012,29.981009,20.419472,26.305468,14.562523
2023-12-17,0.0,351,21.18125,16.7,26.6,0.0,35.9817,48.224133,19.221025,16.81818,21.021544,12.315659
2023-12-18,0.0,352,21.025002,16.95,26.1,0.0,34.207424,45.056393,20.82725,16.732378,21.339943,12.750942
2023-12-19,0.0,353,20.720835,15.7,26.35,0.0,32.640366,47.36023,17.706839,16.911737,22.599676,11.904802
2023-12-20,0.0,354,20.541666,14.1,27.0,0.0,35.90096,51.509357,16.195353,17.71522,24.139751,10.497179
2023-12-21,0.0,355,22.000002,16.95,27.65,0.0,34.180355,55.451775,17.213316,19.333914,25.482578,13.587744
2023-12-22,0.0,356,21.625,15.4,28.8,0.0,32.367397,51.15247,13.578733,17.88514,24.56413,12.049597
2023-12-23,0.0,357,22.704168,17.7,28.9,0.0,34.479073,47.183548,18.835392,18.405317,24.30001,13.806755
2023-12-24,0.0,358,22.083336,17.2,28.4,0.0,39.045284,54.442146,16.14307,19.354586,25.765287,13.912195
2023-12-25,0.0,359,19.90625,13.15,26.2,0.0,58.782593,91.86511,36.964058,19.11722,25.893042,10.991808
2023-12-26,0.0,360,21.637499,15.95,28.9,0.0,51.208313,93.236435,22.047096,19.697752,25.641815,14.397102
2023-12-27,0.0,361,21.57708,16.0,27.95,0.0,41.83155,59.03902,23.4362,18.548674,24.075985,13.283802
2023-12-28,0.0,362,21.427084,15.35,28.15,0.0,41.756683,64.63183,17.881655,19.138342,25.778877,12.26907
2023-12-29,0.0,363,21.820831,16.65,28.3,0.0,39.139103,53.040585,22.73679,18.83097,24.975351,13.345892
2023-12-30,0.0,364,20.660416,14.9,27.5,0.0,43.859104,65.76062,22.981035,17.906275,24.265518,12.727482
2023-12-31,0.0,365,20.195833,14.65,26.95,0.0,49.406143,68.428215,24.633152,18.309662,24.869379,12.525324
2024-01-01,0.0,366,19.608332,14.35,25.5,0.0,64.13511,81.61937,44.83904,19.069624,26.025871,12.923754
2024-01-02,0.0,367,20.754166,16.5,25.65,0.0,54.982624,93.29145,41.56068,19.620687,25.479795,14.532034
2024-01-03,0.0,368,19.899998,15.65,25.0,0.0,44.976284,61.49056,26.99536,16.699327,21.48268,12.326645
2024-01-04,0.0,369,19.304167,14.05,24.8,0.0,52.27383,71.858376,33.794147,17.261099,24.420607,11.704432
2024-01-05,0.0,370,19.733332,15.6,25.15,0.0,52.982075,70.726585,35.69364,16.852232,22.178682,12.844093
2024-01-06,0.0,371,19.147917,14.4,25.5,0.0,51.740906,69.307495,29.833704,16.114729,22.000025,11.473768
2024-01-07,0.0,372,19.177084,14.05,24.6,0.0,55.031544,70.56881,38.183346,17.463135,24.094719,11.62406
2024-01-08,0.0,373,18.977083,14.4,24.95,0.0,48.374485,68.63918,22.62766,15.53366,20.612999,11.791496
2024-01-09,0.0,374,18.262503,12.9,25.2,0.0,45.73245,71.18543,20.013124,15.098999,21.445963,9.925632
2024-01-10,0.0,375,17.824999,10.95,24.95,0.0,50.0092,73.24549,25.533125,15.736785,23.68991,8.07473
2024-01-11,0.0,376,18.4125,11.35,25.35,0.0,49.957867,87.14032,22.685371,16.464228,24.038176,8.452029
2024-01-12,0.0,377,18.425001,11.55,24.6,0.0,76.12682,93.33777,42.127853,18.342245,24.352606,10.453285
2024-01-13,0.0,378,20.460417,14.9,25.35,0.0,79.58298,97.45369,54.790264,21.640726,26.727566,15.059227
2024-01-14,0.0,379,19.535416,14.1,23.7,0.0,71.84568,93.11646,51.08689,19.627602,23.30903,12.994371
2024-01-15,0.0,380,22.197916,18.75,26.4,0.0,78.117805,93.40446,56.109993,23.357475,26.579626,19.828014
2024-01-16,0.0,381,22.079168,18.25,27.1,0.0,57.960358,96.00902,33.061775,20.964968,25.452183,16.582342
2024-01-17,0.0,382,20.620832,15.15,27.0,0.0,51.611988,69.45667,25.97658,18.903238,24.778837,13.099276
2024-01-18,0.0,383,20.041668,14.2,25.95,0.0,48.909805,82.7282,25.782259,18.178055,23.980486,11.77602
2024-01-19,0.0,384,20.43125,16.15,24.4,0.5,78.01406,93.52764,61.97978,21.413185,25.12743,16.944296
2024-01-20,0.0,385,21.116667,16.25,26.6,0.0,62.344936,95.940865,30.791334,20.501595,24.9476,15.777372
2024-01-21,0.0,386,20.183332,15.65,24.45,0.0,66.33785,89.09015,43.62902,20.051157,24.269648,14.529861
2024-01-22,0.0,387,20.608332,15.45,26.1,0.0,68.65299,95.3259,31.606205,20.539938,25.70714,15.653465
2024-01-23,0.0,388,18.764582,12.05,24.7,0.0,59.86677,84.2175,35.807755,17.566273,23.332722,10.586854
2024-01-24,0.0,389,19.135418,13.3,24.0,0.0,69.988625,88.465225,43.70031,18.91095,24.395576,11.541337
2024-01-25,0.0,390,20.214584,13.95,26.0,0.0,60.17767,95.329414,33.439545,18.858305,24.27386,12.173016
2024-01-26,0.0,391,20.49375,15.5,26.0,0.0,50.28783,66.55878,33.7088,18.253027,24.302906,13.073048
2024-01-27,0.0,392,19.41875,12.9,24.25,0.0,65.822205,85.34839,46.7037,18.77567,23.084208,11.909689
2024-01-28,0.0,393,22.766668,18.05,27.45,0.4,75.49949,93.29397,50.617886,23.861265,27.721523,19.193487
2024-01-29,0.0,394,22.106253,18.75,25.35,0.8000001,80.97571,96.01649,60.05532,23.98697,26.488897,20.564716
2024-01-30,0.0,395,22.735418,20.1,26.4,0.3,79.574066,91.75465,53.764374,24.27437,26.915041,22.099455
2024-01-31,0.0,396,22.856253,16.0,29.75,0.0,62.92869,99.36705,15.895283,22.662453,27.894424,16.322643
2024-02-01,0.0,397,23.195833,20.2,26.6,0.0,73.25643,90.049576,51.28274,25.161032,28.100681,22.59372
2024-02-02,0.0,398,21.864584,18.0,25.95,3.1999998,76.34338,97.86007,54.030186,22.038034,25.892443,16.807373
2024-02-03,0.0,399,22.84167,19.6,26.5,1.2,79.5523,96.947334,51.01986,24.3231,26.091728,21.741718
2024-02-04,0.0,400,21.400002,17.55,25.05,0.0,77.29381,95.972885,58.652683,22.401262,26.390945,18.402163
2024-02-05,0.0,401,21.481253,17.35,25.45,0.1,73.05012,90.625465,50.883747,22.156607,26.133223,17.818682
2024-02-06,0.0,402,22.516668,18.9,26.95,0.0,60.316944,87.34205,33.537647,22.015875,25.629017,17.61779
2024-02-07,0.0,403,20.762499,16.85,25.95,0.0,44.21361,65.23683,21.276236,17.979273,22.692411,14.520357
2024-02-08,0.0,404,19.404167,12.45,26.3,0.0,55.20477,81.187256,21.139223,17.873804,23.537115,10.662681
2024-02-09,0.0,405,21.299997,16.6,27.4,0.0,66.49411,93.82729,31.260124,21.151018,27.380102,17.151173
2024-02-10,0.0,406,21.385416,15.25,28.15,0.0,41.02221,66.505684,14.140852,19.071295,25.074186,12.733698
2024-02-11,0.0,407,21.543753,16.8,27.1,0.0,38.90481,51.49599,18.743221,19.051998,26.102737,14.04361
2024-02-12,0.0,408,21.235415,16.7,26.55,0.0,45.950726,84.11574,23.388441,19.653086,24.089945,14.732712
2024-02-13,0.0,409,21.250002,15.2,27.7,0.0,49.84531,88.66413,16.360292,19.766415,26.188858,12.913105
2024-02-14,0.0,410,21.35417,14.9,28.2,0.0,54.298634,81.38715,23.609926,20.331228,28.207706,12.941025
2024-02-15,0.0,411,22.2125,14.75,30.35,0.0,39.578552,67.852234,10.164801,19.734701,28.253181,11.83371
2024-02-16,0.0,412,21.981253,14.5,29.5,0.0,45.97797,87.46799,18.714462,20.265455,27.86515,11.931124
2024-02-17,0.0,413,23.081253,19.55,26.75,0.0,74.13285,88.78266,53.02705,23.013807,25.84666,20.329485
2024-02-18,0.0,414,24.679163,22.55,28.4,0.0,75.76213,92.943726,45.211887,24.690338,26.482925,23.62196
2024-02-19,0.0,415,23.516668,20.7,26.6,0.0,75.02828,94.93667,53.548794,24.375221,26.884336,22.349483
2024-02-20,0.0,416,23.391665,20.15,27.15,0.0,69.67062,86.90632,43.270958,23.442202,25.869368,21.09594
2024-02-21,0.0,417,23.210417,17.85,29.25,0.0,40.472546,95.39039,4.9215,20.604015,24.657528,15.374302
2024-02-22,0.0,418,20.904165,13.7,28.3,0.0,37.375813,65.68783,9.397093,18.419237,25.830385,10.927621
2024-02-23,0.0,419,22.335417,15.45,29.85,0.0,53.73299,83.95228,11.327139,21.332312,28.677597,15.11788
2024-02-24,0.0,420,22.793749,15.75,29.25,0.0,39.979706,82.423096,11.247305,19.82566,24.858639,15.200943
2024-02-25,0.0,421,23.318748,18.95,29.45,0.0,29.460989,51.296745,16.243137,17.921453,24.723085,13.0939045
2024-02-26,0.0,422,21.460417,16.45,27.65,0.0,46.501118,63.489338,28.198599,16.882711,23.230803,11.3808
2024-02-27,0.0,423,22.972918,17.2,29.2,0.0,41.16811,59.1311,23.572203,19.96046,26.689661,14.266563
2024-02-28,0.0,424,24.00625,17.7,30.3,0.0,42.442165,62.939537,20.765747,22.408232,28.785412,15.764595
2024-02-29,0.0,425,21.34375,18.95,25.0,7.4,72.284035,89.378334,51.215652,21.9919,25.750977,18.100903
2024-03-01,0.0,426,17.552082,14.6,20.1,0.0,50.229282,93.63025,31.505964,13.714162,22.235483,9.265613
2024-03-02,0.0,427,16.016666,11.15,21.7,0.0,39.21291,58.26849,21.608154,11.780925,18.196238,6.1400566
2024-03-03,0.0,428,17.460417,10.0,24.2,0.0,46.297413,78.96134,18.125095,14.933022,22.355207,7.612793
2024-03-04,0.0,429,19.935415,13.5,26.2,0.0,28.79998,47.946285,13.754068,15.961338,22.546165,9.377628
2024-03-05,0.0,430,20.360418,14.75,25.6,0.0,36.719585,59.90981,19.874477,17.620699,23.952707,11.474568
2024-03-06,0.0,431,22.518751,17.7,27.85,0.0,57.365154,80.30343,31.67647,21.985872,28.699791,17.19263
2024-03-07,0.0,432,22.79583,17.3,28.3,0.0,48.550823,80.180725,22.934795,21.45189,26.539429,16.826323
2024-03-08,0.0,433,23.306252,17.1,29.7,0.0,40.285164,67.29481,18.296007,21.23464,27.91055,14.662245
2024-03-09,0.0,434,21.75,18.95,25.9,2.1999998,49.55812,73.322044,25.948978,20.286623,22.971285,17.493721
2024-03-10,0.0,435,22.685417,18.6,27.15,0.0,70.729515,93.76253,51.351994,23.38001,27.896301,18.495687
2024-03-11,0.0,436,23.089582,19.1,27.55,0.0,81.85854,99.37834,58.49252,25.061434,30.37938,21.813797
2024-03-12,0.0,437,24.90625,20.95,31.2,0.0,57.491703,92.58424,16.458895,23.731009,28.645947,21.19136
2024-03-13,0.0,438,23.59583,18.15,29.35,0.0,29.824594,56.93425,16.091635,20.206713,28.513783,12.660013
2024-03-14,0.0,439,24.44375,17.75,32.0,0.0,35.830784,65.248055,11.0335655,22.092882,30.850368,13.88225
2024-03-15,0.0,440,24.939583,17.8,30.9,0.0,35.81571,63.54844,14.66201,22.539856,29.36441,16.293898
2024-03-16,0.0,441,26.516668,19.35,34.0,0.0,28.88124,48.14483,13.476046,23.849197,32.647633,15.982737
2024-03-17,0.0,442,26.485415,19.4,32.75,0.0,36.52535,61.072357,15.350111,24.770185,31.268982,17.614248
2024-03-18,0.0,443,26.61458,20.8,34.75,0.0,55.814793,84.28173,17.095451,26.636282,32.52291,21.360357
2024-03-19,0.0,444,25.816666,19.8,33.05,0.0,66.45222,90.81496,34.563152,27.332533,34.10814,21.69991
2024-03-20,0.0,445,26.64167,22.25,33.2,0.0,53.18439,80.37881,21.592014,26.186708,30.76873,23.177147
2024-03-21,0.0,446,26.297915,23.05,31.75,0.0,69.77488,91.89343,45.254375,27.406584,32.654697,23.3791
2024-03-22,0.0,447,25.933334,22.75,30.7,0.0,80.66752,96.12603,53.38,28.545975,32.63507,25.890427
2024-03-23,0.0,448,26.745832,23.4,31.5,0.0,72.82383,94.42783,46.46633,28.724442,32.087265,26.433466
2024-03-24,0.0,449,27.085417,22.6,33.15,0.0,67.36457,90.13852,41.80252,28.99119,35.171135,25.262346
2024-03-25,0.0,450,27.625,23.3,34.4,0.0,66.26153,87.059586,28.798607,29.295053,33.876587,26.288124
2024-03-26,0.0,451,26.954165,23.5,31.7,0.0,72.98045,95.57615,49.85297,29.141394,33.114414,26.872158
2024-03-27,0.0,452,27.685417,23.45,34.6,0.0,55.99547,86.14401,18.52727,27.584337,32.033287,25.499413
2024-03-28,0.0,453,25.275002,22.15,29.15,0.0,67.61816,87.36965,42.325916,26.161924,29.127026,24.530691
2024-03-29,0.0,454,25.3125,22.25,29.15,0.0,70.882225,89.28018,49.63156,25.932114,28.962109,23.762745
2024-03-30,0.0,455,27.085417,21.3,33.7,0.0,54.43652,92.89475,13.9265175,27.312355,32.93479,24.174328
2024-03-31,0.0,456,25.943748,20.7,31.8,0.0,61.74589,87.539154,28.176579,26.780764,32.55991,22.423626
2024-04-01,0.0,457,26.214582,22.95,30.25,0.0,72.033936,89.637825,43.97836,27.788465,30.832943,25.530201
2024-04-02,0.0,458,26.108332,23.0,30.0,0.0,78.41455,93.87967,56.80575,28.530771,32.08087,25.815495
2024-04-03,0.0,459,26.670832,22.95,32.05,0.0,67.35483,96.45215,35.396885,27.862043,31.562248,26.086468
2024-04-04,0.0,460,27.249998,24.45,31.4,0.0,58.08662,75.19256,31.962208,27.277037,30.246109,25.47474
2024-04-05,0.0,461,26.708334,23.7,30.8,0.0,60.262253,86.21159,29.090044,26.983057,30.552963,23.61859
2024-04-06,0.0,462,26.412497,21.65,32.0,0.0,75.76427,95.79959,47.0498,28.789782,34.04083,24.708035
2024-04-07,0.0,463,27.175001,21.55,34.7,0.0,67.951294,95.26492,30.300394,29.247551,36.011482,24.124043
2024-04-08,0.0,464,27.85417,22.15,35.05,0.0,56.544514,82.90782,22.880886,28.159445,33.847183,23.45813
2024-04-09,0.0,465,26.564585,22.95,32.2,0.0,76.03922,91.840675,42.887196,29.099546,33.462627,25.622326
2024-04-10,0.0,466,26.25,22.35,31.25,0.0,80.13264,98.79325,53.823097,29.87381,34.717968,25.948568
2024-04-11,0.0,467,26.960417,23.0,33.6,0.0,76.708405,97.90125,36.16721,29.71055,35.04807,26.14016
2024-04-12,0.0,468,27.877085,25.0,32.0,0.0,77.64754,95.33709,54.5562,31.573067,35.279236,29.396317
2024-04-13,0.0,469,26.572922,24.5,29.45,3.4,80.48408,99.701164,57.025684,30.846556,33.283306,28.668674
2024-04-14,0.0,470,26.360415,23.15,30.3,0.0,75.96432,90.5621,56.008427,29.58003,34.49645,26.426632
2024-04-15,0.0,471,28.070833,23.65,33.9,0.0,73.07373,95.003105,40.474422,31.389254,36.27981,27.638897
2024-04-16,0.0,472,28.8375,24.6,33.85,0.0,56.50882,78.44039,31.511187,30.884855,36.03619,27.898853
2024-04-17,0.0,473,27.200005,25.3,29.7,0.5,78.0818,87.37317,67.18314,30.149908,33.006905,27.755768
2024-04-18,0.0,474,26.681246,24.15,29.75,0.0,70.64142,87.56394,51.85678,27.376162,29.808792,25.265411
2024-04-19,0.0,475,27.733337,24.6,32.75,0.0,66.09053,86.80462,32.416046,28.841516,32.454636,26.740858
2024-04-20,0.0,476,27.508337,24.3,31.45,0.0,71.59823,91.355705,48.089878,29.304886,32.17811,27.57759
2024-04-21,0.0,477,27.533333,24.7,31.95,0.0,75.61791,92.212074,49.43142,29.572075,33.16476,26.692673
2024-04-22,0.0,478,27.3125,24.4,31.8,0.0,78.67361,94.74302,53.51428,30.243444,34.206707,27.689354
2024-04-23,0.0,479,27.31875,24.2,31.75,0.0,78.26442,95.31324,53.831078,30.395319,34.550358,27.647484
2024-04-24,0.0,480,27.372917,24.1,31.6,0.0,79.11291,96.75316,53.464558,30.178856,33.408405,28.129002
2024-04-25,0.0,481,28.079165,25.4,31.8,0.0,75.21223,93.37201,55.17804,30.43799,33.69867,28.597496
2024-04-26,0.0,482,27.733337,24.3,32.0,0.0,76.62962,95.606834,50.8122,30.691965,34.412064,28.154938
2024-04-27,0.0,483,28.406248,24.6,33.9,0.0,74.881996,95.89889,44.986404,31.253645,36.055862,28.077824
2024-04-28,0.0,484,30.610415,25.65,37.4,0.0,41.89177,84.86936,10.7643795,29.427755,34.54341,24.930614
2024-04-29,0.0,485,30.716661,24.95,38.05,0.0,36.644287,66.072586,6.111496,28.572329,33.354073,25.149866
2024-04-30,0.0,486,29.61458,23.65,36.75,0.0,21.005703,65.78534,5.2458806,25.657427,32.46136,18.096077
2024-05-01,0.0,487,28.750002,21.95,36.35,0.0,55.115185,92.91801,8.65775,29.69073,36.31275,23.445597
2024-05-02,0.0,488,29.064585,26.0,33.05,0.0,71.00779,94.52017,38.190647,31.312662,35.233486,29.616592
2024-05-03,0.0,489,29.085417,26.6,33.45,0.0,69.64033,87.24759,39.847897,30.883547,33.035946,28.992287
2024-05-04,0.0,490,28.799997,25.9,32.65,0.0,74.13065,92.83231,53.060863,31.524084,34.302055,28.906464
2024-05-05,0.0,491,29.983335,26.6,35.1,0.0,65.535835,82.04283,40.29689,32.37397,36.302834,28.939571
2024-05-06,0.0,492,30.074999,26.75,35.0,0.0,67.085434,91.00074,42.05539,33.095264,36.833168,28.974922
2024-05-07,0.0,493,29.556252,25.95,34.85,0.0,77.84896,97.36769,48.38221,33.99693,38.69401,31.17564
2024-05-08,0.0,494,29.574997,26.4,34.35,0.0,79.95701,96.52674,53.494095,34.234364,38.77961,31.236965
2024-05-09,0.0,495,29.254166,26.6,33.05,0.0,78.30137,95.10388,59.285427,34.027157,38.01713,32.10097
2024-05-10,0.0,496,29.185411,25.6,32.3,0.0,75.90905,96.206345,60.193165,33.751728,36.92018,31.85561
2024-05-11,0.0,497,29.537497,26.15,33.05,0.0,77.1311,93.679375,60.90648,34.443752,37.980373,31.907925
2024-05-12,0.0,498,29.20417,25.8,32.95,0.0,79.367096,98.52842,61.921238,34.312912,39.090286,32.15747
2024-05-13,0.0,499,29.060417,24.9,33.35,0.0,75.70573,98.23311,53.085667,33.625233,37.938793,29.935966
2024-05-14,0.0,500,30.5625,26.3,36.6,0.0,67.246086,95.660934,32.531357,34.004406,37.991486,31.567791
2024-05-15,0.0,501,30.049997,26.15,35.15,0.0,70.02965,93.68624,38.71245,33.514484,36.83348,30.437424
2024-05-16,0.0,502,30.831251,26.4,36.25,0.0,69.01661,95.10921,35.0929,34.232235,38.129143,31.136509
2024-05-17,0.0,503,31.291664,26.5,38.05,0.0,67.3496,94.81503,23.720427,34.435215,36.73635,31.960258
2024-05-18,0.0,504,30.089584,26.35,34.1,0.0,75.406784,95.68136,52.63117,34.322346,37.265785,31.722988
2024-05-19,0.0,505,30.902077,28.1,34.6,0.0,75.637886,92.94423,54.028572,35.1817,37.716484,33.662872
2024-05-20,0.0,506,31.339584,27.45,36.0,0.0,73.878975,92.66608,49.0824,35.721836,39.823223,32.771294
2024-05-21,0.0,507,31.543753,28.45,35.95,0.0,70.752884,86.90906,50.304085,35.45518,39.16922,33.18477
2024-05-22,0.0,508,30.920837,27.6,34.85,0.0,74.20597,92.38552,58.27062,35.31262,39.08579,32.28702
2024-05-23,0.0,509,30.704165,27.8,34.65,0.0,76.94267,93.49685,54.870094,35.2487,38.892075,31.988018
2024-05-24,0.0,510,30.683329,27.6,34.25,0.0,79.127266,95.70009,61.353634,35.8933,39.237217,33.368214
2024-05-25,0.0,511,30.927086,28.1,34.85,0.0,77.39103,91.6103,57.092262,35.58569,38.944897,33.161694
2024-05-26,0.0,512,30.929163,27.95,34.55,0.0,78.1646,95.14793,60.69652,35.002316,38.108242,32.821358
2024-05-27,0.0,513,31.202082,28.5,34.7,0.0,75.18298,89.76515,58.78098,34.538128,37.792606,32.466217
2024-05-28,0.0,514,32.84583,28.8,41.45,0.0,63.51076,85.393036,19.38901,34.831646,40.010693,30.807869
2024-05-29,0.0,515,32.897915,28.35,41.55,0.0,67.571144,93.52234,26.291153,36.819714,43.415783,32.65791
2024-05-30,0.0,516,30.799997,28.0,35.3,0.0,79.485504,93.51773,55.02693,36.032948,40.418003,33.56878
2024-05-31,0.0,517,31.922915,27.9,38.25,0.0,68.412834,91.87105,23.122875,36.17258,40.504818,33.503498
2024-06-01,0.0,518,30.456247,28.15,33.4,0.0,78.43324,92.14981,62.4447,35.61125,38.56005,34.26563
2024-06-02,0.0,519,30.012497,27.9,32.8,0.0,74.37914,89.17494,59.406696,34.039963,36.71505,32.183838
2024-06-03,0.0,520,30.020836,27.8,32.65,0.0,72.06011,86.04289,57.596863,32.573322,34.65753,31.417023
2024-06-04,0.0,521,30.168755,28.15,32.6,0.0,70.69656,84.05385,57.74776,32.176056,33.84712,30.870739
2024-06-05,0.0,522,30.435411,28.35,32.95,0.6,74.26458,84.331024,62.544563,33.681362,35.39086,31.585617
2024-06-06,0.0,523,30.456251,27.8,33.3,0.0,73.14014,88.40255,59.164864,34.338585,37.42282,32.43924
2024-06-07,0.0,524,30.433334,28.05,33.45,0.0,73.726265,88.41467,56.71497,34.015587,36.753593,32.311096
2024-06-08,0.0,525,30.360422,28.0,33.45,0.0,75.19697,88.65253,58.14381,34.2274,36.312077,32.836468
2024-06-09,0.0,526,30.362501,27.8,33.35,0.0,76.20258,91.58056,59.82154,34.000126,36.90798,31.963669
2024-06-10,0.0,527,30.45417,28.25,33.3,0.0,73.44278,88.68411,57.876343,33.49828,35.9272,31.703587
2024-06-11,0.0,528,30.681253,28.45,33.4,0.0,71.30056,85.095505,57.093224,33.444866,35.546776,32.242634
2024-06-12,0.0,529,30.862497,28.9,33.15,0.3,70.59833,80.71064,60.92868,33.78688,36.04176,32.334053
2024-06-13,0.0,530,30.929167,28.9,33.5,0.4,72.85809,84.8848,61.32708,34.741962,37.11673,33.12281
2024-06-14,0.0,531,30.99375,29.0,33.6,0.4,74.15798,87.69372,63.057896,35.894314,38.952145,34.435093
2024-06-15,0.0,532,31.010414,28.8,34.15,0.1,73.731834,87.44036,58.830128,35.425213,38.337673,33.700073
2024-06-16,0.0,533,30.879168,29.1,33.25,0.5,70.786766,80.976395,59.497795,34.82528,37.388325,33.758743
2024-06-17,0.0,534,31.200003,29.55,33.5,0.7,69.69445,78.284195,60.824596,34.649513,36.82947,33.578167
2024-06-18,0.0,535,31.114586,29.05,33.95,0.0,75.59416,84.74318,61.437096,35.53758,38.582653,33.72767
2024-06-19,0.0,536,31.04583,28.85,33.8,0.0,81.35673,92.44207,68.11966,36.32998,39.692013,34.318558
2024-06-20,0.0,537,31.11875,29.1,33.7,0.4,79.31898,91.66339,64.13731,36.536495,40.03211,33.756645
2024-06-21,0.0,538,31.375002,29.15,34.5,0.0,76.11992,89.26522,62.13909,37.253994,40.708893,34.89867
2024-06-22,0.0,539,31.63958,28.9,35.3,0.0,74.00309,88.20297,56.69015,36.782024,40.75891,34.671993
2024-06-23,0.0,540,32.310417,28.4,38.45,0.0,71.41213,91.06723,44.15598,36.93864,42.76249,33.824333
2024-06-24,0.0,541,31.90417,28.4,37.15,0.0,74.061325,90.79972,48.681473,36.55939,41.65597,33.892765
2024-06-25,0.0,542,31.483332,28.85,34.85,0.0,74.90607,89.242714,59.87079,37.10392,40.786808,35.244453
2024-06-26,0.0,543,32.27709,29.8,35.85,0.0,70.758385,83.98369,55.159122,37.729233,41.22947,35.62718
2024-06-27,0.0,544,32.493748,29.65,37.5,8.8,67.87326,84.51049,45.100792,37.36962,40.837524,35.62887
2024-06-28,0.0,545,32.05625,29.55,36.35,0.0,71.83303,82.60029,51.318085,37.10432,41.515224,34.49616
2024-06-29,0.0,546,32.01667,29.9,35.0,0.0,72.375046,83.58489,59.024223,37.64445,40.3904,36.058094
2024-06-30,0.0,547,32.339584,30.3,35.85,0.0,74.13434,87.80352,55.97202,37.403973,40.340214,35.382416
2024-07-01,0.0,548,32.458332,30.5,34.9,0.0,70.13416,81.39724,58.47856,36.921135,39.1394,35.591614
2024-07-02,0.0,549,32.2375,30.35,34.8,0.3,73.411255,87.04318,61.292915,37.094433,39.666817,35.317375
2024-07-03,0.0,550,31.60208,29.8,34.0,0.4,72.59581,83.73699,62.9565,36.453716,39.518433,35.276558
2024-07-04,0.0,551,31.429169,29.7,33.5,0.6,70.59206,81.77378,60.462627,35.757023,38.090424,34.32975
2024-07-05,0.0,552,31.94583,29.9,35.15,0.0,68.335236,77.4934,54.01305,35.49191,38.430183,33.895355
2024-07-06,0.0,553,32.06667,30.15,35.2,0.3,75.14599,85.51682,59.42022,36.601246,39.732006,34.32786
2024-07-07,0.0,554,31.55625,29.8,34.4,0.3,74.952446,84.992195,63.020473,37.412262,40.92296,35.09552
2024-07-08,0.0,555,31.568754,29.8,34.7,0.9,78.05909,85.99951,64.57662,37.98412,41.708282,36.0082
2024-07-09,0.0,556,31.810417,29.5,34.95,0.1,77.89737,90.0779,63.717613,37.840553,41.54619,35.22323
2024-07-10,0.0,557,31.46875,29.45,34.4,0.6,73.95681,87.222984,59.062855,34.982845,37.697025,33.038677
2024-07-11,0.0,558,31.010414,29.5,33.15,1.2,75.077225,83.704056,64.02208,33.393524,35.03902,32.590443
2024-07-12,0.0,559,30.752085,29.25,33.05,2.2,77.9213,87.727646,66.59348,34.3229,36.519802,32.580517
2024-07-13,0.0,560,30.733335,28.8,33.05,0.6,77.7471,90.29399,65.22656,35.02627,36.65462,33.716454
2024-07-14,0.0,561,31.11458,28.9,34.1,0.0,74.88094,89.25024,60.776844,36.399487,39.640667,34.816647
2024-07-15,0.0,562,31.918749,29.2,35.9,0.1,74.41112,86.68968,56.161938,37.277466,42.123253,35.12122
2024-07-16,0.0,563,31.843748,29.65,35.3,0.0,77.2154,88.52265,55.35613,37.9231,42.286392,35.68473
2024-07-17,0.0,564,32.12083,30.2,34.8,0.0,76.54927,87.53936,66.344505,38.1166,40.565983,35.601032
2024-07-18,0.0,565,31.831247,29.5,34.7,0.0,71.80212,84.45274,57.05706,36.64554,39.854607,35.073273
2024-07-19,0.0,566,32.825,29.55,38.6,0.2,70.62389,86.5045,43.017025,38.634502,44.66726,34.675957
2024-07-20,0.0,567,33.264584,30.0,37.35,4.2,69.24669,87.543655,50.35689,39.68279,43.72621,36.437706
2024-07-21,0.0,568,31.90417,30.0,35.2,3.3999999,77.37931,86.34977,62.290115,37.34091,41.086777,34.704784
2024-07-22,0.0,569,30.885416,29.5,33.0,0.1,77.339806,85.447685,67.5754,34.963337,36.54097,33.507713
2024-07-23,0.0,570,30.595835,29.3,32.35,0.0,76.44254,84.42639,67.82125,34.293156,35.46203,33.16339
2024-07-24,0.0,571,30.710424,28.85,32.9,0.3,76.23524,85.131035,64.41492,35.074467,36.70176,33.86547
2024-07-25,0.0,572,31.189583,29.35,33.75,0.4,76.26733,86.97637,65.950455,35.82765,38.27246,34.14028
2024-07-26,0.0,573,31.229164,29.3,33.95,0.0,73.848946,85.94208,62.008987,35.50281,38.438873,33.65649
2024-07-27,0.0,574,31.074997,29.3,33.3,0.0,73.90955,83.68207,64.700035,36.252735,39.10836,34.68723
2024-07-28,0.0,575,30.422915,28.8,33.0,3.3000002,76.65809,84.92585,63.990555,35.954193,39.410885,34.095955
2024-07-29,0.0,576,29.162498,27.95,32.75,18.400003,84.71191,90.53289,68.9387,35.390842,40.126396,33.24745
2024-07-30,0.0,577,29.164587,28.05,30.5,2.3,86.03228,92.12471,79.71872,35.00469,36.48358,33.606083
2024-07-31,0.0,578,29.497915,28.35,31.05,1.4000001,82.84666,89.20512,75.90263,33.01288,33.855637,32.216606
2024-08-01,0.0,579,29.308334,27.8,31.05,1.0,84.22816,90.01875,76.3218,33.638783,35.21701,31.454262
2024-08-02,0.0,580,29.22917,27.9,30.75,0.2,81.785675,90.79972,71.90751,33.6106,34.896397,32.140553
2024-08-03,0.0,581,28.852083,27.7,30.75,2.4999995,82.77982,88.64463,74.29872,33.634235,35.309975,32.50915
2024-08-04,0.0,582,28.602081,26.4,30.65,1.6,82.39878,92.3064,74.07032,33.78857,35.992096,31.407433
2024-08-05,0.0,583,28.364586,27.15,29.55,1.1000001,83.116135,91.80448,75.66213,32.65727,33.352535,31.869675
2024-08-06,0.0,584,28.850004,27.75,30.5,0.4,77.53188,85.7872,68.511314,31.301607,32.32555,30.535763
2024-08-07,0.0,585,29.287498,27.65,31.3,0.70000005,75.771545,85.51727,66.64155,32.607433,34.82068,31.075954
2024-08-08,0.0,586,29.616667,27.85,31.75,0.5,75.357735,84.02127,66.33382,32.970776,34.941185,31.691711
2024-08-09,0.0,587,29.775,27.9,32.85,0.4,74.37211,83.08681,59.955994,32.232616,35.312172,30.750172
2024-08-10,0.0,588,29.054167,27.5,31.6,1.1000001,78.93928,87.826096,66.701355,31.448706,33.72331,30.427979
2024-08-11,0.0,589,28.966665,27.55,30.9,1.4000002,81.05192,89.95198,71.51549,32.749428,33.82707,31.474674
2024-08-12,0.0,590,29.418749,27.8,31.9,0.4,80.00749,88.903656,68.57411,34.044388,35.980114,32.993896
2024-08-13,0.0,591,29.472918,27.35,32.2,0.0,78.23733,89.667854,63.895782,33.630398,36.426144,32.00656
2024-08-14,0.0,592,29.195831,27.5,32.05,1.9000002,79.71664,88.61288,66.790886,33.129738,36.67469,31.90797
2024-08-15,0.0,593,28.727083,27.2,31.25,1.1000001,79.826744,89.38347,67.63647,32.605717,34.884148,31.479439
2024-08-16,0.0,594,29.004166,27.6,30.85,0.1,77.10639,85.003586,67.52886,33.079994,34.513668,32.14333
2024-08-17,0.0,595,29.024994,27.4,31.6,0.2,77.23308,85.74807,66.502266,32.992126,35.922005,31.832169
2024-08-18,0.0,596,28.941668,27.3,31.15,1.0,76.635376,85.48243,66.61155,32.742645,35.38223,31.867508
2024-08-19,0.0,597,29.272917,27.0,31.85,0.8000001,74.35309,87.52194,62.68203,32.212666,34.340805,30.747742
2024-08-20,0.0,598,29.327087,27.6,31.6,0.0,74.41444,83.24391,63.57749,32.255207,33.879482,30.253841
2024-08-21,0.0,599,30.041662,27.45,33.4,0.0,70.62689,84.22936,54.731903,33.273075,37.103123,31.19601
2024-08-22,0.0,600,29.739578,27.65,32.55,0.0,73.18235,84.75545,58.81538,32.883698,35.11629,31.808365
2024-08-23,0.0,601,29.44375,27.15,32.65,0.0,74.440865,85.98031,59.01595,32.59353,35.03048,31.133373
2024-08-24,0.0,602,29.429163,27.25,33.05,0.0,73.79423,85.989944,55.649082,32.07972,35.72493,30.209148
2024-08-25,0.0,603,29.672915,27.0,33.2,0.0,73.5814,86.481766,55.517067,32.693256,35.547863,30.084656
2024-08-26,0.0,604,29.004166,27.1,33.35,51.200005,82.0309,92.34474,60.973072,33.702423,37.417023,31.288124
2024-08-27,0.0,605,27.535418,26.45,29.2,22.800001,86.803986,94.266136,76.53324,31.755323,32.94228,30.38734
2024-08-28,0.0,606,27.587496,26.65,29.8,21.8,88.8279,95.6751,76.39631,31.839836,33.72721,30.575645
2024-08-29,0.0,607,27.264578,24.85,30.3,25.7,82.59258,93.690765,68.67912,28.35553,31.071945,24.526646
2024-08-30,0.0,608,26.29792,25.0,28.3,8.5,86.81939,92.00319,78.92027,27.4543,30.924953,24.572319
2024-08-31,0.0,609,26.977083,25.35,28.95,1.0000001,88.10663,95.343864,81.19843,31.448538,34.46241,29.447853
2024-09-01,0.0,610,27.016665,24.85,29.3,0.0,87.05649,97.054245,76.06152,32.382366,35.1081,30.076065
2024-09-02,0.0,611,27.343752,25.4,29.85,0.0,86.16634,96.20215,72.172264,32.50267,36.202217,30.680855
2024-09-03,0.0,612,27.670835,26.05,30.2,2.2,83.08421,92.01174,69.282036,31.94692,34.645657,30.323524
2024-09-04,0.0,613,27.987497,26.4,30.05,0.2,83.657906,92.58186,72.00869,31.508078,32.989944,30.48853
2024-09-05,0.0,614,27.858332,26.45,30.05,0.90000004,83.80712,91.21808,73.531425,31.568727,33.57471,30.179897
2024-09-06,0.0,615,27.512503,25.85,29.6,0.2,83.051476,90.92385,73.89728,31.581766,33.265614,30.310333
2024-09-07,0.0,616,27.497915,25.55,29.9,0.1,84.48767,93.38394,73.48119,31.7344,33.906128,30.094456
2024-09-08,0.0,617,27.568754,25.7,30.25,0.0,82.17249,91.731186,68.46334,31.20455,34.538074,29.779911
2024-09-09,0.0,618,27.545835,25.75,30.0,0.5,82.610794,91.71935,70.928925,31.416115,33.64771,29.749683
2024-09-10,0.0,619,27.543753,25.15,30.15,0.2,82.48749,94.76404,68.43451,31.749474,34.303707,30.138882
2024-09-11,0.0,620,27.904161,25.65,30.55,0.0,79.245605,92.54187,66.05111,31.353289,34.005234,29.782497
2024-09-12,0.0,621,27.952082,26.15,30.8,0.1,74.22129,85.38728,59.308083,29.71564,32.26139,28.860447
2024-09-13,0.0,622,28.195831,26.25,31.15,0.0,71.695366,82.33923,55.870052,29.664839,31.947464,28.486115
2024-09-14,0.0,623,28.031248,26.25,30.65,0.0,71.61773,83.846146,59.092796,30.055489,32.13246,28.409286
2024-09-15,0.0,624,27.860418,26.05,29.9,0.5,75.148865,82.891174,65.55071,30.475325,31.771675,29.022861
2024-09-16,0.0,625,28.287498,25.9,31.5,0.0,76.652824,89.30484,60.559982,31.564886,34.085957,29.749477
2024-09-17,0.0,626,28.34167,25.5,32.05,0.0,77.962425,93.649666,60.136726,32.233627,35.665432,30.132988
2024-09-18,0.0,627,28.193748,25.0,31.5,0.0,79.666145,95.61485,64.2833,32.682926,36.2335,30.389874
2024-09-19,0.0,628,28.206253,25.6,31.85,0.0,80.525505,95.34895,61.37479,32.317093,36.032265,30.532043
2024-09-20,0.0,629,28.31875,25.9,31.25,0.0,75.29888,90.36432,62.175117,31.594484,34.70885,30.136173
2024-09-21,0.0,630,28.456247,26.2,31.55,0.0,72.74815,83.61571,58.584137,31.34285,34.436863,29.810913
2024-09-22,0.0,631,28.862501,26.65,32.0,0.0,72.868286,83.643585,58.808628,31.872244,35.14414,30.288883
2024-09-23,0.0,632,28.995834,26.75,32.0,0.0,73.325455,84.15389,60.307186,32.080776,35.192223,30.52951
2024-09-24,0.0,633,28.875,26.5,32.35,0.0,74.79907,89.07205,57.364143,32.42878,35.952236,30.85022
2024-09-25,0.0,634,29.074999,26.6,32.8,0.0,74.44049,86.20442,57.123898,32.730907,36.14666,31.127163
2024-09-26,0.0,635,29.102083,26.75,32.35,0.0,75.67949,88.30106,59.662697,32.29087,35.396236,30.542767
2024-09-27,0.0,636,29.19792,26.85,32.8,0.0,74.27201,86.46775,55.673283,32.502895,35.88479,30.626297
2024-09-28,0.0,637,28.729164,26.6,32.6,0.0,74.42845,88.27651,53.876423,32.22868,35.15268,30.84364
2024-09-29,0.0,638,28.745834,26.25,32.15,0.0,75.34977,87.71963,58.699966,32.241108,35.314026,30.28366
2024-09-30,0.0,639,28.904167,26.35,32.8,0.0,77.15093,89.91659,56.266567,32.55103,35.663517,30.469463
2024-10-01,33.0,640,28.872915,26.5,32.35,0.0,78.88427,91.784035,59.662697,32.57092,35.47764,30.82103
2024-10-02,0.0,641,28.770834,26.7,32.0,0.0,78.72671,91.23678,62.62792,31.905748,34.7688,30.643864
2024-10-03,0.0,642,28.668749,26.8,32.0,0.0,79.76922,90.96565,60.855396,31.742996,34.199352,30.55436
2024-10-04,0.0,643,28.668749,26.3,32.3,0.0,78.38161,93.96548,54.629665,31.985153,33.96166,30.429184
2024-10-05,0.0,644,28.395836,26.0,32.05,0.0,77.84458,93.67253,57.817337,32.65338,35.98866,30.93193
2024-10-06,0.0,645,29.112501,24.9,34.05,0.0,67.78309,95.90483,36.704792,32.477783,36.74555,29.665104
2024-10-07,0.0,646,31.150007,24.75,37.55,0.0,48.794357,82.98576,22.835194,32.001114,38.230656,27.452593
2024-10-08,0.0,647,31.558334,26.8,37.95,0.0,49.239323,71.89791,22.613338,32.93035,38.22257,28.664692
2024-10-09,0.0,648,30.960417,25.8,37.0,0.0,55.54301,86.12307,25.608728,33.195118,38.44562,29.788132
2024-10-10,0.0,649,31.660414,26.45,37.5,0.0,45.87556,85.56682,19.281038,32.735256,38.470646,26.998846
2024-10-11,0.0,650,30.525002,25.15,36.1,0.0,58.446392,86.28506,26.299404,33.362614,37.465908,27.880516
2024-10-12,0.0,651,29.908333,26.2,33.6,0.0,69.37323,92.84774,44.906498,34.28947,37.30044,31.882523
2024-10-13,0.0,652,30.614584,28.3,34.4,0.0,61.381924,76.686935,36.04323,34.406445,36.670124,32.41936
2024-10-14,0.0,653,31.104172,26.85,36.4,0.3,56.088257,84.282974,25.785765,33.448772,37.085526,30.320759
2024-10-15,0.0,654,30.760416,26.7,36.1,0.0,64.48541,88.83362,29.134434,33.963734,36.718937,32.018093
2024-10-16,0.0,655,29.910416,27.25,34.5,0.0,73.78724,91.27703,47.12614,34.167675,37.753246,32.148315
2024-10-17,0.0,656,29.21875,25.15,34.55,0.0,75.61975,99.11082,40.623898,33.966076,38.48891,30.932533
2024-10-18,0.0,657,30.577085,25.55,36.8,0.0,59.08697,90.39496,31.516375,33.299545,38.808083,28.799904
2024-10-19,0.0,658,30.697916,26.0,37.25,0.0,58.03957,83.058235,25.261715,33.14761,37.705593,29.071842
2024-10-20,0.0,659,29.545835,25.85,35.25,0.0,71.21473,96.22568,35.137875,33.222214,37.54059,31.203304
2024-10-21,0.0,660,29.729166,24.7,36.25,0.0,66.43241,97.05098,26.050364,32.73359,36.304207,30.22351
2024-10-22,0.0,661,29.299997,24.95,34.9,0.2,71.56132,94.76591,40.74594,32.925224,37.131096,29.811726
2024-10-23,0.0,662,30.020836,23.65,36.55,0.0,58.578526,96.18265,21.655062,32.339878,37.111916,27.479568
2024-10-24,0.0,663,30.535416,25.0,37.9,0.0,58.530956,88.16093,17.103916,32.430676,35.674545,28.902359
2024-10-25,0.0,664,30.079165,26.45,35.65,0.0,69.8548,91.49953,41.07536,33.634945,37.58399,30.679276
2024-10-26,0.0,665,30.12708,24.55,36.4,0.0,67.37037,91.37118,35.576,34.096195,39.63432,29.188541
2024-10-27,0.0,666,29.214584,25.1,34.45,0.0,77.10132,96.2571,48.278576,33.83902,37.829628,29.466515
2024-10-28,0.0,667,28.689577,25.5,32.65,0.0,81.37272,97.648544,58.838383,33.61409,36.92547,31.315235
2024-10-29,0.0,668,28.258333,25.65,32.2,0.0,82.84977,97.072586,59.98942,32.90614,35.709553,30.502457
2024-10-30,0.0,669,28.233332,25.4,33.4,0.0,78.65188,99.40732,44.52692,32.653976,36.95332,30.56034
2024-10-31,0.0,670,28.65,24.25,34.5,0.0,72.376305,99.702415,34.32756,31.896965,35.44775,28.669773
2024-11-01,0.0,671,28.168753,25.2,32.2,0.0,79.62434,94.20574,57.99293,32.308006,35.667873,29.623955
2024-11-02,0.0,672,27.466667,24.2,31.55,0.0,82.814125,98.513626,60.388176,32.412235,36.2044,29.414482
2024-11-03,0.0,673,27.285414,23.45,32.9,0.0,74.83686,99.40065,35.846146,30.763186,34.297905,27.933956
2024-11-04,0.0,674,27.31458,22.7,33.05,0.0,71.8516,98.493576,34.06644,30.383797,34.415997,27.013052
2024-11-05,0.0,675,27.547915,22.8,34.05,0.0,71.79505,94.097206,35.045494,30.534739,35.013176,26.448378
2024-11-06,0.0,676,27.679167,23.7,31.8,0.0,80.25758,93.85069,60.080177,31.656786,35.200768,27.720417
2024-11-07,0.0,677,28.074997,25.2,31.75,0.0,77.41993,93.36244,57.22243,32.19173,35.25106,29.952785
2024-11-08,0.0,678,27.293749,24.2,31.05,0.0,78.0388,95.30118,56.11713,31.18979,34.19858,29.054188
2024-11-09,0.0,679,27.224998,23.9,31.25,0.0,77.323105,96.15875,54.20507,30.79383,33.38625,28.492516
2024-11-10,0.0,680,27.027082,23.2,31.25,0.0,77.71474,96.431175,56.373867,30.76551,34.0499,27.596397
2024-11-11,0.0,681,27.287498,24.05,31.05,0.0,76.34986,95.29606,55.981224,31.352865,34.20686,28.872105
2024-11-12,0.0,682,27.13125,23.5,31.6,0.0,67.83421,92.70721,34.371796,30.303558,33.069813,27.740932
2024-11-13,0.0,683,26.837502,22.85,31.7,0.0,61.07614,89.87995,31.093218,28.819704,32.47935,25.782488
2024-11-14,0.0,684,26.835413,22.7,32.05,0.0,53.307728,77.92875,26.34124,27.813538,32.25598,24.307837
2024-11-15,0.0,685,26.752085,22.4,31.4,0.0,65.09353,83.93321,40.55826,29.307684,33.365803,25.432045
2024-11-16,0.0,686,26.64583,22.6,31.8,0.0,68.839836,92.09602,36.256275,29.572458,33.478275,26.08213
2024-11-17,0.0,687,27.189589,23.05,32.3,0.0,54.919323,85.05479,27.133183,28.50691,32.954227,24.734133
2024-11-18,0.0,688,26.90417,22.75,31.45,0.0,53.40112,71.64535,30.692768,27.966331,31.851055,24.472933
2024-11-19,0.0,689,26.300001,22.45,30.65,0.0,56.81159,71.11066,38.030064,27.736113,32.050243,23.458427
2024-11-20,0.0,690,25.770834,21.5,30.2,0.0,66.46757,84.374695,44.091217,28.140322,32.125168,24.065931
2024-11-21,0.0,691,26.122917,22.7,30.4,0.0,65.87731,82.41794,42.668243,28.429121,31.806053,25.975954
2024-11-22,0.0,692,26.387497,22.9,30.2,0.0,64.71339,79.67124,45.84222,28.612272,31.732456,25.639265
2024-11-23,0.0,693,26.216665,22.85,29.85,0.0,67.1783,86.085686,46.625633,28.89064,32.21867,26.407236
2024-11-24,0.0,694,25.84375,21.45,31.1,0.0,52.96608,83.51593,24.233116,26.534185,30.605171,21.744015
2024-11-25,0.0,695,25.552084,21.05,30.75,0.0,58.27986,78.914955,33.02126,26.891495,31.206848,21.91805
2024-11-26,0.0,696,26.066666,22.15,30.0,0.0,71.080246,86.35174,53.204754,29.155958,32.277386,25.504139
2024-11-27,0.0,697,25.897919,21.95,29.95,0.0,75.1236,90.953384,52.55894,29.53605,33.10426,25.601923
2024-11-28,0.0,698,25.516668,21.95,30.1,0.0,73.34666,92.94119,42.180195,28.57537,32.200943,25.169628
2024-11-29,0.0,699,25.908333,21.75,30.65,0.0,55.88434,88.99723,29.212965,26.653381,30.176403,23.657139
2024-11-30,0.0,700,24.812506,20.35,29.35,0.0,42.326855,59.553337,25.667957,24.0435,28.43863,19.956945
2024-12-01,0.0,701,25.085413,20.05,30.25,0.0,39.243053,51.165092,25.526297,24.118547,29.41291,18.744442
2024-12-02,0.0,702,25.337502,20.9,30.25,0.0,43.546864,57.89063,27.217472,24.24745,28.727707,20.06611
2024-12-03,0.0,703,25.460417,21.65,29.6,0.0,42.248947,57.883617,28.1589,24.046814,27.786655,20.594095
2024-12-04,0.0,704,24.050001,19.45,28.4,0.0,49.57376,66.78747,31.615705,23.922043,27.911018,18.770344
2024-12-05,0.0,705,23.450003,18.45,28.1,0.0,56.965637,81.109024,42.254898,23.944925,29.184658,19.015678
2024-12-06,0.0,706,22.627083,16.1,28.55,0.0,32.5084,62.28803,9.565164,20.315748,25.928455,13.325199
2024-12-07,0.0,707,22.291666,17.85,28.15,0.0,13.812409,24.61593,8.373075,17.788118,24.542389,12.928268
2024-12-08,0.0,708,20.393751,14.45,26.1,0.0,22.445518,30.3653,11.170235,16.973642,23.263325,10.277586
2024-12-09,0.0,709,20.43125,15.15,25.6,0.0,26.519188,37.29329,14.347477,17.37129,22.677135,11.550736
2024-12-10,0.0,710,20.172918,14.65,25.9,0.0,30.924639,42.741364,18.991606,17.59712,23.840778,11.777489
2024-12-11,0.0,711,19.606249,14.4,25.05,0.0,29.651045,44.019028,17.459164,16.513433,22.27772,10.833982
2024-12-12,0.0,712,19.145832,14.95,24.0,0.0,26.003296,36.282017,15.739041,14.962818,19.63053,10.552342
2024-12-13,0.0,713,19.864584,15.6,24.75,0.0,26.129313,34.990482,16.451727,15.975785,20.986076,11.531415
2024-12-14,0.0,714,19.375,13.95,25.6,0.0,28.516832,39.830395,13.779327,16.19177,22.920235,10.462595
2024-12-15,0.0,715,20.287498,14.8,26.4,0.0,31.16936,43.04662,18.108225,17.641722,24.262403,11.515459
2024-12-16,0.0,716,20.108335,14.0,25.95,0.0,35.523327,45.979973,22.80155,17.919943,24.07318,11.252114
2024-12-17,0.0,717,20.814583,16.6,25.9,0.0,27.761477,38.48912,15.535377,17.693052,23.200722,12.97913
2024-12-18,0.0,718,19.839582,14.75,25.15,0.0,33.675697,42.42355,24.08042,17.32541,23.510025,11.528265
2024-12-19,0.0,719,19.433332,15.15,24.45,0.0,32.17323,44.08875,19.334074,16.212595,20.924316,11.963156
2024-12-20,0.0,720,18.670835,13.7,24.2,0.0,30.052664,45.64917,13.074005,15.099956,20.108597,10.273407
2024-12-21,0.0,721,18.749998,13.5,24.15,0.0,42.812504,57.054726,27.877829,16.725874,22.99036,10.470522
2024-12-22,0.0,722,19.370834,14.6,24.2,0.0,55.416462,73.787926,35.32539,18.530996,23.824385,12.963692
2024-12-23,0.0,723,19.1,14.7,24.4,0.0,36.91115,50.640743,22.799086,16.23667,21.443382,11.553085
2024-12-24,0.0,724,18.679167,14.3,23.5,0.0,39.99892,52.282284,24.271383,15.744275,20.028355,11.508633
2024-12-25,0.0,725,18.906248,14.4,23.75,0.0,37.766727,51.22441,23.4135,15.877575,20.645546,11.5738535
2024-12-26,0.0,726,18.854168,13.75,24.4,0.0,36.057472,51.25444,14.362988,16.273048,22.194204,10.965706
2024-12-27,0.0,727,18.627083,12.9,25.15,0.0,31.403326,55.30812,15.536978,15.694036,22.33257,9.456608
2024-12-28,0.0,728,18.968748,13.4,25.15,0.0,35.034855,65.41503,15.081428,16.010683,21.931057,10.245392
2024-12-29,0.0,729,19.608334,14.95,25.1,0.0,32.88167,44.07336,18.590267,16.792353,22.561815,11.443134
2024-12-30,0.0,730,19.822916,14.35,25.8,0.0,34.73131,50.296627,19.522379,17.37619,23.354757,11.717716
